<?xml version="1.0" encoding="UTF-8"?>
<project-private xmlns="http://www.netbeans.org/ns/project-private/1">
    <editor-bookmarks xmlns="http://www.netbeans.org/ns/editor-bookmarks/2" lastBookmarkId="0"/>
    <open-files xmlns="http://www.netbeans.org/ns/projectui-open-files/2">
        <group>
            <file>file:/C:/Users/Usuario/Documents/NetBeansProjects/AerolineasCupido/src/vuelos_eje.txt</file>
            <file>file:/C:/Users/Usuario/Documents/NetBeansProjects/AerolineasCupido/src/BackUpVuelos_eje.txt</file>
            <file>file:/C:/Users/Usuario/Documents/NetBeansProjects/AerolineasCupido/src/BackUpVuelos_eco.txt</file>
            <file>file:/C:/Users/Usuario/Documents/NetBeansProjects/AerolineasCupido/src/Visor_vuelos.java</file>
            <file>file:/C:/Users/Usuario/Documents/NetBeansProjects/AerolineasCupido/src/AerolineasCupido.java</file>
            <file>file:/C:/Users/Usuario/Documents/NetBeansProjects/AerolineasCupido/src/AerolineasCupido2.java</file>
            <file>file:/C:/Users/Usuario/Documents/NetBeansProjects/AerolineasCupido/src/vuelos_eco.txt</file>
        </group>
    </open-files>
</project-private>
